venue_id,venue_name,venue_type,geographical_unit,geographical_level,capacity,people_allocated,utilization_pct,latitude,longitude
0,Durham Cathedral Schools Foundation,boarding_school,E00105055,SGU,54,23,42.6,,
2,Melbury Court Care Home,care_home,E00171870,SGU,88,50,56.8,,
0,St Margaret's Care Home,care_home,E00105051,SGU,60,44,73.3,,
1,Moorlands,care_home,E00062067,SGU,19,14,73.7,,
34,comp_10581,company,E02007058,MGU,338,338,100.0,,
306,comp_10853,company,E02007058,MGU,317,251,79.2,,
8,comp_10555,company,E02007058,MGU,253,247,97.6,,
11,comp_10558,company,E02007058,MGU,385,242,62.9,,
412,comp_10959,company,E02007058,MGU,391,228,58.3,,
26,comp_10573,company,E02007058,MGU,444,227,51.1,,
5,comp_10552,company,E02007058,MGU,203,203,100.0,,
462,comp_11009,company,E02007058,MGU,283,192,67.8,,
33,comp_10580,company,E02007058,MGU,341,183,53.7,,
1172,comp_14375,company,E02004315,MGU,204,180,88.2,,
1173,comp_14376,company,E02004315,MGU,204,175,85.8,,
1174,comp_14377,company,E02004315,MGU,203,175,86.2,,
1161,comp_14364,company,E02004315,MGU,999,155,15.5,,
1200,comp_14403,company,E02004315,MGU,144,141,97.9,,
36,comp_10583,company,E02007058,MGU,350,132,37.7,,
1265,comp_14468,company,E02004315,MGU,130,130,100.0,,
559,comp_11106,company,E02007058,MGU,320,124,38.8,,
939,comp_14142,company,E02004315,MGU,117,117,100.0,,
951,comp_14154,company,E02004315,MGU,105,105,100.0,,
1223,comp_14426,company,E02004315,MGU,95,95,100.0,,
1224,comp_14427,company,E02004315,MGU,95,95,100.0,,
1225,comp_14428,company,E02004315,MGU,95,95,100.0,,
1162,comp_14365,company,E02004315,MGU,89,89,100.0,,
1163,comp_14366,company,E02004315,MGU,89,89,100.0,,
1164,comp_14367,company,E02004315,MGU,88,88,100.0,,
851,comp_14054,company,E02004314,MGU,81,81,100.0,,
953,comp_14156,company,E02004315,MGU,75,75,100.0,,
673,comp_13876,company,E02004314,MGU,74,74,100.0,,
312,comp_10859,company,E02007058,MGU,148,61,41.2,,
313,comp_10860,company,E02007058,MGU,148,57,38.5,,
314,comp_10861,company,E02007058,MGU,148,57,38.5,,
12,comp_10559,company,E02007058,MGU,874,56,6.4,,
839,comp_14042,company,E02004314,MGU,52,52,100.0,,
45,comp_10592,company,E02007058,MGU,49,49,100.0,,
754,comp_13957,company,E02004314,MGU,200,49,24.5,,
959,comp_14162,company,E02004315,MGU,49,49,100.0,,
960,comp_14163,company,E02004315,MGU,49,49,100.0,,
961,comp_14164,company,E02004315,MGU,49,49,100.0,,
38,comp_10585,company,E02007058,MGU,406,45,11.1,,
43,comp_10590,company,E02007058,MGU,49,45,91.8,,
44,comp_10591,company,E02007058,MGU,49,45,91.8,,
755,comp_13958,company,E02004314,MGU,200,45,22.5,,
1,comp_10548,company,E02007058,MGU,236,44,18.6,,
4,comp_10551,company,E02007058,MGU,42,42,100.0,,
3,comp_10550,company,E02007058,MGU,173,41,23.7,,
756,comp_13959,company,E02004314,MGU,199,39,19.6,,
1313,comp_14516,company,E02004315,MGU,36,36,100.0,,
1314,comp_14517,company,E02004315,MGU,36,36,100.0,,
1315,comp_14518,company,E02004315,MGU,36,36,100.0,,
66,comp_10613,company,E02007058,MGU,34,34,100.0,,
1308,comp_14511,company,E02004315,MGU,34,34,100.0,,
1309,comp_14512,company,E02004315,MGU,34,34,100.0,,
67,comp_10614,company,E02007058,MGU,33,33,100.0,,
68,comp_10615,company,E02007058,MGU,33,33,100.0,,
1310,comp_14513,company,E02004315,MGU,33,33,100.0,,
20,comp_10567,company,E02007058,MGU,173,24,13.9,,
874,comp_14077,company,E02004314,MGU,23,23,100.0,,
13,comp_10560,company,E02007058,MGU,20,20,100.0,,
14,comp_10561,company,E02007058,MGU,20,20,100.0,,
15,comp_10562,company,E02007058,MGU,20,20,100.0,,
307,comp_10854,company,E02007058,MGU,20,20,100.0,,
308,comp_10855,company,E02007058,MGU,20,20,100.0,,
309,comp_10856,company,E02007058,MGU,20,20,100.0,,
315,comp_10862,company,E02007058,MGU,20,20,100.0,,
316,comp_10863,company,E02007058,MGU,20,20,100.0,,
317,comp_10864,company,E02007058,MGU,20,20,100.0,,
318,comp_10865,company,E02007058,MGU,20,20,100.0,,
319,comp_10866,company,E02007058,MGU,20,20,100.0,,
320,comp_10867,company,E02007058,MGU,20,20,100.0,,
321,comp_10868,company,E02007058,MGU,20,20,100.0,,
322,comp_10869,company,E02007058,MGU,20,20,100.0,,
323,comp_10870,company,E02007058,MGU,20,20,100.0,,
324,comp_10871,company,E02007058,MGU,20,20,100.0,,
325,comp_10872,company,E02007058,MGU,20,20,100.0,,
326,comp_10873,company,E02007058,MGU,20,20,100.0,,
327,comp_10874,company,E02007058,MGU,20,20,100.0,,
757,comp_13960,company,E02004314,MGU,20,20,100.0,,
758,comp_13961,company,E02004314,MGU,20,20,100.0,,
759,comp_13962,company,E02004314,MGU,20,20,100.0,,
1165,comp_14368,company,E02004315,MGU,20,20,100.0,,
1166,comp_14369,company,E02004315,MGU,20,20,100.0,,
1167,comp_14370,company,E02004315,MGU,20,20,100.0,,
1175,comp_14378,company,E02004315,MGU,20,20,100.0,,
1176,comp_14379,company,E02004315,MGU,20,20,100.0,,
1177,comp_14380,company,E02004315,MGU,20,20,100.0,,
694,comp_13897,company,E02004314,MGU,19,19,100.0,,
695,comp_13898,company,E02004314,MGU,19,19,100.0,,
696,comp_13899,company,E02004314,MGU,19,19,100.0,,
962,comp_14165,company,E02004315,MGU,19,19,100.0,,
963,comp_14166,company,E02004315,MGU,19,19,100.0,,
964,comp_14167,company,E02004315,MGU,19,19,100.0,,
965,comp_14168,company,E02004315,MGU,19,19,100.0,,
966,comp_14169,company,E02004315,MGU,19,19,100.0,,
967,comp_14170,company,E02004315,MGU,19,19,100.0,,
968,comp_14171,company,E02004315,MGU,19,19,100.0,,
969,comp_14172,company,E02004315,MGU,19,19,100.0,,
937,comp_14140,company,E02004315,MGU,17,17,100.0,,
16,comp_10563,company,E02007058,MGU,10,10,100.0,,
17,comp_10564,company,E02007058,MGU,10,10,100.0,,
18,comp_10565,company,E02007058,MGU,10,10,100.0,,
69,comp_10616,company,E02007058,MGU,10,10,100.0,,
70,comp_10617,company,E02007058,MGU,10,10,100.0,,
71,comp_10618,company,E02007058,MGU,10,10,100.0,,
328,comp_10875,company,E02007058,MGU,10,10,100.0,,
329,comp_10876,company,E02007058,MGU,10,10,100.0,,
330,comp_10877,company,E02007058,MGU,10,10,100.0,,
331,comp_10878,company,E02007058,MGU,10,10,100.0,,
332,comp_10879,company,E02007058,MGU,10,10,100.0,,
333,comp_10880,company,E02007058,MGU,10,10,100.0,,
334,comp_10881,company,E02007058,MGU,10,10,100.0,,
335,comp_10882,company,E02007058,MGU,10,10,100.0,,
336,comp_10883,company,E02007058,MGU,10,10,100.0,,
337,comp_10884,company,E02007058,MGU,10,10,100.0,,
338,comp_10885,company,E02007058,MGU,10,10,100.0,,
339,comp_10886,company,E02007058,MGU,10,10,100.0,,
340,comp_10887,company,E02007058,MGU,10,10,100.0,,
341,comp_10888,company,E02007058,MGU,10,10,100.0,,
342,comp_10889,company,E02007058,MGU,10,10,100.0,,
343,comp_10890,company,E02007058,MGU,10,10,100.0,,
344,comp_10891,company,E02007058,MGU,10,10,100.0,,
345,comp_10892,company,E02007058,MGU,10,10,100.0,,
463,comp_11010,company,E02007058,MGU,10,10,100.0,,
464,comp_11011,company,E02007058,MGU,10,10,100.0,,
465,comp_11012,company,E02007058,MGU,10,10,100.0,,
850,comp_14053,company,E02004314,MGU,84,10,11.9,,
940,comp_14143,company,E02004315,MGU,10,10,100.0,,
941,comp_14144,company,E02004315,MGU,10,10,100.0,,
942,comp_14145,company,E02004315,MGU,10,10,100.0,,
1178,comp_14381,company,E02004315,MGU,10,10,100.0,,
1179,comp_14382,company,E02004315,MGU,10,10,100.0,,
1180,comp_14383,company,E02004315,MGU,10,10,100.0,,
1181,comp_14384,company,E02004315,MGU,10,10,100.0,,
1182,comp_14385,company,E02004315,MGU,10,10,100.0,,
1183,comp_14386,company,E02004315,MGU,10,10,100.0,,
1184,comp_14387,company,E02004315,MGU,10,10,100.0,,
1185,comp_14388,company,E02004315,MGU,10,10,100.0,,
1201,comp_14404,company,E02004315,MGU,10,10,100.0,,
1202,comp_14405,company,E02004315,MGU,10,10,100.0,,
1203,comp_14406,company,E02004315,MGU,10,10,100.0,,
1226,comp_14429,company,E02004315,MGU,10,10,100.0,,
1227,comp_14430,company,E02004315,MGU,10,10,100.0,,
1228,comp_14431,company,E02004315,MGU,10,10,100.0,,
1273,comp_14476,company,E02004315,MGU,10,10,100.0,,
1274,comp_14477,company,E02004315,MGU,10,10,100.0,,
1275,comp_14478,company,E02004315,MGU,10,10,100.0,,
1316,comp_14519,company,E02004315,MGU,10,10,100.0,,
1317,comp_14520,company,E02004315,MGU,10,10,100.0,,
1318,comp_14521,company,E02004315,MGU,10,10,100.0,,
1319,comp_14522,company,E02004315,MGU,10,10,100.0,,
1320,comp_14523,company,E02004315,MGU,10,10,100.0,,
1321,comp_14524,company,E02004315,MGU,10,10,100.0,,
1322,comp_14525,company,E02004315,MGU,10,10,100.0,,
1323,comp_14526,company,E02004315,MGU,10,10,100.0,,
46,comp_10593,company,E02007058,MGU,9,9,100.0,,
47,comp_10594,company,E02007058,MGU,9,9,100.0,,
48,comp_10595,company,E02007058,MGU,9,9,100.0,,
697,comp_13900,company,E02004314,MGU,9,9,100.0,,
698,comp_13901,company,E02004314,MGU,9,9,100.0,,
699,comp_13902,company,E02004314,MGU,9,9,100.0,,
970,comp_14173,company,E02004315,MGU,9,9,100.0,,
971,comp_14174,company,E02004315,MGU,9,9,100.0,,
972,comp_14175,company,E02004315,MGU,9,9,100.0,,
0,comp_10547,company,E02007058,MGU,8,8,100.0,,
25,comp_10572,company,E02007058,MGU,7,7,100.0,,
72,comp_10619,company,E02007058,MGU,5,5,100.0,,
73,comp_10620,company,E02007058,MGU,5,5,100.0,,
74,comp_10621,company,E02007058,MGU,5,5,100.0,,
346,comp_10893,company,E02007058,MGU,5,5,100.0,,
347,comp_10894,company,E02007058,MGU,5,5,100.0,,
348,comp_10895,company,E02007058,MGU,5,5,100.0,,
349,comp_10896,company,E02007058,MGU,5,5,100.0,,
350,comp_10897,company,E02007058,MGU,5,5,100.0,,
351,comp_10898,company,E02007058,MGU,5,5,100.0,,
352,comp_10899,company,E02007058,MGU,5,5,100.0,,
353,comp_10900,company,E02007058,MGU,5,5,100.0,,
354,comp_10901,company,E02007058,MGU,5,5,100.0,,
355,comp_10902,company,E02007058,MGU,5,5,100.0,,
356,comp_10903,company,E02007058,MGU,5,5,100.0,,
357,comp_10904,company,E02007058,MGU,5,5,100.0,,
358,comp_10905,company,E02007058,MGU,5,5,100.0,,
411,comp_10958,company,E02007058,MGU,7,5,71.4,,
413,comp_10960,company,E02007058,MGU,5,5,100.0,,
414,comp_10961,company,E02007058,MGU,5,5,100.0,,
415,comp_10962,company,E02007058,MGU,5,5,100.0,,
416,comp_10963,company,E02007058,MGU,5,5,100.0,,
417,comp_10964,company,E02007058,MGU,5,5,100.0,,
418,comp_10965,company,E02007058,MGU,5,5,100.0,,
419,comp_10966,company,E02007058,MGU,5,5,100.0,,
420,comp_10967,company,E02007058,MGU,5,5,100.0,,
447,comp_10994,company,E02007058,MGU,10,5,50.0,,
466,comp_11013,company,E02007058,MGU,5,5,100.0,,
467,comp_11014,company,E02007058,MGU,5,5,100.0,,
468,comp_11015,company,E02007058,MGU,5,5,100.0,,
560,comp_11107,company,E02007058,MGU,5,5,100.0,,
561,comp_11108,company,E02007058,MGU,5,5,100.0,,
562,comp_11109,company,E02007058,MGU,5,5,100.0,,
943,comp_14146,company,E02004315,MGU,5,5,100.0,,
944,comp_14147,company,E02004315,MGU,5,5,100.0,,
945,comp_14148,company,E02004315,MGU,5,5,100.0,,
1168,comp_14371,company,E02004315,MGU,5,5,100.0,,
1169,comp_14372,company,E02004315,MGU,5,5,100.0,,
1170,comp_14373,company,E02004315,MGU,5,5,100.0,,
1186,comp_14389,company,E02004315,MGU,5,5,100.0,,
1187,comp_14390,company,E02004315,MGU,5,5,100.0,,
1188,comp_14391,company,E02004315,MGU,5,5,100.0,,
1189,comp_14392,company,E02004315,MGU,5,5,100.0,,
1190,comp_14393,company,E02004315,MGU,5,5,100.0,,
1191,comp_14394,company,E02004315,MGU,5,5,100.0,,
1192,comp_14395,company,E02004315,MGU,5,5,100.0,,
1193,comp_14396,company,E02004315,MGU,5,5,100.0,,
1204,comp_14407,company,E02004315,MGU,5,5,100.0,,
1205,comp_14408,company,E02004315,MGU,5,5,100.0,,
1206,comp_14409,company,E02004315,MGU,5,5,100.0,,
1207,comp_14410,company,E02004315,MGU,5,5,100.0,,
1208,comp_14411,company,E02004315,MGU,5,5,100.0,,
1209,comp_14412,company,E02004315,MGU,5,5,100.0,,
1210,comp_14413,company,E02004315,MGU,5,5,100.0,,
1211,comp_14414,company,E02004315,MGU,5,5,100.0,,
1259,comp_14462,company,E02004315,MGU,5,5,100.0,,
1266,comp_14469,company,E02004315,MGU,5,5,100.0,,
1267,comp_14470,company,E02004315,MGU,5,5,100.0,,
1268,comp_14471,company,E02004315,MGU,5,5,100.0,,
1276,comp_14479,company,E02004315,MGU,5,5,100.0,,
1277,comp_14480,company,E02004315,MGU,5,5,100.0,,
1278,comp_14481,company,E02004315,MGU,5,5,100.0,,
1324,comp_14527,company,E02004315,MGU,5,5,100.0,,
1325,comp_14528,company,E02004315,MGU,5,5,100.0,,
1326,comp_14529,company,E02004315,MGU,5,5,100.0,,
1327,comp_14530,company,E02004315,MGU,5,5,100.0,,
1328,comp_14531,company,E02004315,MGU,5,5,100.0,,
1329,comp_14532,company,E02004315,MGU,5,5,100.0,,
1330,comp_14533,company,E02004315,MGU,5,5,100.0,,
1331,comp_14534,company,E02004315,MGU,5,5,100.0,,
6,comp_10553,company,E02007058,MGU,4,4,100.0,,
7,comp_10554,company,E02007058,MGU,4,4,100.0,,
10,comp_10557,company,E02007058,MGU,383,4,1.0,,
21,comp_10568,company,E02007058,MGU,4,4,100.0,,
22,comp_10569,company,E02007058,MGU,4,4,100.0,,
23,comp_10570,company,E02007058,MGU,4,4,100.0,,
30,comp_10577,company,E02007058,MGU,4,4,100.0,,
39,comp_10586,company,E02007058,MGU,4,4,100.0,,
40,comp_10587,company,E02007058,MGU,4,4,100.0,,
41,comp_10588,company,E02007058,MGU,4,4,100.0,,
42,comp_10589,company,E02007058,MGU,4,4,100.0,,
49,comp_10596,company,E02007058,MGU,4,4,100.0,,
50,comp_10597,company,E02007058,MGU,4,4,100.0,,
51,comp_10598,company,E02007058,MGU,4,4,100.0,,
52,comp_10599,company,E02007058,MGU,4,4,100.0,,
53,comp_10600,company,E02007058,MGU,4,4,100.0,,
54,comp_10601,company,E02007058,MGU,4,4,100.0,,
55,comp_10602,company,E02007058,MGU,4,4,100.0,,
56,comp_10603,company,E02007058,MGU,4,4,100.0,,
57,comp_10604,company,E02007058,MGU,4,4,100.0,,
58,comp_10605,company,E02007058,MGU,4,4,100.0,,
59,comp_10606,company,E02007058,MGU,4,4,100.0,,
60,comp_10607,company,E02007058,MGU,4,4,100.0,,
61,comp_10608,company,E02007058,MGU,4,4,100.0,,
62,comp_10609,company,E02007058,MGU,4,4,100.0,,
63,comp_10610,company,E02007058,MGU,4,4,100.0,,
64,comp_10611,company,E02007058,MGU,4,4,100.0,,
75,comp_10622,company,E02007058,MGU,4,4,100.0,,
76,comp_10623,company,E02007058,MGU,4,4,100.0,,
77,comp_10624,company,E02007058,MGU,4,4,100.0,,
78,comp_10625,company,E02007058,MGU,4,4,100.0,,
79,comp_10626,company,E02007058,MGU,4,4,100.0,,
80,comp_10627,company,E02007058,MGU,4,4,100.0,,
81,comp_10628,company,E02007058,MGU,4,4,100.0,,
82,comp_10629,company,E02007058,MGU,4,4,100.0,,
83,comp_10630,company,E02007058,MGU,4,4,100.0,,
84,comp_10631,company,E02007058,MGU,4,4,100.0,,
85,comp_10632,company,E02007058,MGU,4,4,100.0,,
86,comp_10633,company,E02007058,MGU,4,4,100.0,,
87,comp_10634,company,E02007058,MGU,4,4,100.0,,
88,comp_10635,company,E02007058,MGU,4,4,100.0,,
89,comp_10636,company,E02007058,MGU,4,4,100.0,,
90,comp_10637,company,E02007058,MGU,4,4,100.0,,
91,comp_10638,company,E02007058,MGU,4,4,100.0,,
93,comp_10640,company,E02007058,MGU,4,4,100.0,,
94,comp_10641,company,E02007058,MGU,4,4,100.0,,
95,comp_10642,company,E02007058,MGU,4,4,100.0,,
96,comp_10643,company,E02007058,MGU,4,4,100.0,,
97,comp_10644,company,E02007058,MGU,4,4,100.0,,
98,comp_10645,company,E02007058,MGU,4,4,100.0,,
99,comp_10646,company,E02007058,MGU,4,4,100.0,,
100,comp_10647,company,E02007058,MGU,4,4,100.0,,
101,comp_10648,company,E02007058,MGU,4,4,100.0,,
102,comp_10649,company,E02007058,MGU,4,4,100.0,,
103,comp_10650,company,E02007058,MGU,4,4,100.0,,
104,comp_10651,company,E02007058,MGU,4,4,100.0,,
105,comp_10652,company,E02007058,MGU,4,4,100.0,,
106,comp_10653,company,E02007058,MGU,4,4,100.0,,
107,comp_10654,company,E02007058,MGU,4,4,100.0,,
108,comp_10655,company,E02007058,MGU,4,4,100.0,,
109,comp_10656,company,E02007058,MGU,4,4,100.0,,
110,comp_10657,company,E02007058,MGU,4,4,100.0,,
111,comp_10658,company,E02007058,MGU,4,4,100.0,,
112,comp_10659,company,E02007058,MGU,4,4,100.0,,
113,comp_10660,company,E02007058,MGU,4,4,100.0,,
114,comp_10661,company,E02007058,MGU,4,4,100.0,,
115,comp_10662,company,E02007058,MGU,4,4,100.0,,
116,comp_10663,company,E02007058,MGU,4,4,100.0,,
117,comp_10664,company,E02007058,MGU,4,4,100.0,,
118,comp_10665,company,E02007058,MGU,4,4,100.0,,
119,comp_10666,company,E02007058,MGU,4,4,100.0,,
120,comp_10667,company,E02007058,MGU,4,4,100.0,,
121,comp_10668,company,E02007058,MGU,4,4,100.0,,
122,comp_10669,company,E02007058,MGU,4,4,100.0,,
123,comp_10670,company,E02007058,MGU,4,4,100.0,,
124,comp_10671,company,E02007058,MGU,4,4,100.0,,
125,comp_10672,company,E02007058,MGU,4,4,100.0,,
126,comp_10673,company,E02007058,MGU,4,4,100.0,,
127,comp_10674,company,E02007058,MGU,4,4,100.0,,
128,comp_10675,company,E02007058,MGU,4,4,100.0,,
129,comp_10676,company,E02007058,MGU,4,4,100.0,,
130,comp_10677,company,E02007058,MGU,4,4,100.0,,
131,comp_10678,company,E02007058,MGU,4,4,100.0,,
132,comp_10679,company,E02007058,MGU,4,4,100.0,,
133,comp_10680,company,E02007058,MGU,4,4,100.0,,
134,comp_10681,company,E02007058,MGU,4,4,100.0,,
135,comp_10682,company,E02007058,MGU,4,4,100.0,,
136,comp_10683,company,E02007058,MGU,4,4,100.0,,
137,comp_10684,company,E02007058,MGU,4,4,100.0,,
138,comp_10685,company,E02007058,MGU,4,4,100.0,,
139,comp_10686,company,E02007058,MGU,4,4,100.0,,
140,comp_10687,company,E02007058,MGU,4,4,100.0,,
141,comp_10688,company,E02007058,MGU,4,4,100.0,,
142,comp_10689,company,E02007058,MGU,4,4,100.0,,
143,comp_10690,company,E02007058,MGU,4,4,100.0,,
144,comp_10691,company,E02007058,MGU,4,4,100.0,,
146,comp_10693,company,E02007058,MGU,4,4,100.0,,
147,comp_10694,company,E02007058,MGU,4,4,100.0,,
148,comp_10695,company,E02007058,MGU,4,4,100.0,,
149,comp_10696,company,E02007058,MGU,4,4,100.0,,
150,comp_10697,company,E02007058,MGU,4,4,100.0,,
151,comp_10698,company,E02007058,MGU,4,4,100.0,,
152,comp_10699,company,E02007058,MGU,4,4,100.0,,
153,comp_10700,company,E02007058,MGU,4,4,100.0,,
154,comp_10701,company,E02007058,MGU,4,4,100.0,,
155,comp_10702,company,E02007058,MGU,4,4,100.0,,
156,comp_10703,company,E02007058,MGU,4,4,100.0,,
157,comp_10704,company,E02007058,MGU,4,4,100.0,,
158,comp_10705,company,E02007058,MGU,4,4,100.0,,
159,comp_10706,company,E02007058,MGU,4,4,100.0,,
160,comp_10707,company,E02007058,MGU,4,4,100.0,,
161,comp_10708,company,E02007058,MGU,4,4,100.0,,
162,comp_10709,company,E02007058,MGU,4,4,100.0,,
163,comp_10710,company,E02007058,MGU,4,4,100.0,,
164,comp_10711,company,E02007058,MGU,4,4,100.0,,
165,comp_10712,company,E02007058,MGU,4,4,100.0,,
166,comp_10713,company,E02007058,MGU,4,4,100.0,,
167,comp_10714,company,E02007058,MGU,4,4,100.0,,
168,comp_10715,company,E02007058,MGU,4,4,100.0,,
169,comp_10716,company,E02007058,MGU,4,4,100.0,,
170,comp_10717,company,E02007058,MGU,4,4,100.0,,
171,comp_10718,company,E02007058,MGU,4,4,100.0,,
172,comp_10719,company,E02007058,MGU,4,4,100.0,,
173,comp_10720,company,E02007058,MGU,4,4,100.0,,
174,comp_10721,company,E02007058,MGU,4,4,100.0,,
175,comp_10722,company,E02007058,MGU,4,4,100.0,,
176,comp_10723,company,E02007058,MGU,4,4,100.0,,
177,comp_10724,company,E02007058,MGU,4,4,100.0,,
178,comp_10725,company,E02007058,MGU,4,4,100.0,,
179,comp_10726,company,E02007058,MGU,4,4,100.0,,
180,comp_10727,company,E02007058,MGU,4,4,100.0,,
181,comp_10728,company,E02007058,MGU,4,4,100.0,,
182,comp_10729,company,E02007058,MGU,4,4,100.0,,
183,comp_10730,company,E02007058,MGU,4,4,100.0,,
184,comp_10731,company,E02007058,MGU,4,4,100.0,,
185,comp_10732,company,E02007058,MGU,4,4,100.0,,
186,comp_10733,company,E02007058,MGU,4,4,100.0,,
187,comp_10734,company,E02007058,MGU,4,4,100.0,,
188,comp_10735,company,E02007058,MGU,4,4,100.0,,
189,comp_10736,company,E02007058,MGU,4,4,100.0,,
190,comp_10737,company,E02007058,MGU,4,4,100.0,,
191,comp_10738,company,E02007058,MGU,4,4,100.0,,
192,comp_10739,company,E02007058,MGU,4,4,100.0,,
193,comp_10740,company,E02007058,MGU,4,4,100.0,,
194,comp_10741,company,E02007058,MGU,4,4,100.0,,
195,comp_10742,company,E02007058,MGU,4,4,100.0,,
196,comp_10743,company,E02007058,MGU,4,4,100.0,,
197,comp_10744,company,E02007058,MGU,4,4,100.0,,
198,comp_10745,company,E02007058,MGU,4,4,100.0,,
199,comp_10746,company,E02007058,MGU,4,4,100.0,,
200,comp_10747,company,E02007058,MGU,4,4,100.0,,
201,comp_10748,company,E02007058,MGU,4,4,100.0,,
202,comp_10749,company,E02007058,MGU,4,4,100.0,,
203,comp_10750,company,E02007058,MGU,4,4,100.0,,
204,comp_10751,company,E02007058,MGU,4,4,100.0,,
205,comp_10752,company,E02007058,MGU,4,4,100.0,,
206,comp_10753,company,E02007058,MGU,4,4,100.0,,
207,comp_10754,company,E02007058,MGU,4,4,100.0,,
208,comp_10755,company,E02007058,MGU,4,4,100.0,,
209,comp_10756,company,E02007058,MGU,4,4,100.0,,
210,comp_10757,company,E02007058,MGU,4,4,100.0,,
211,comp_10758,company,E02007058,MGU,4,4,100.0,,
217,comp_10764,company,E02007058,MGU,4,4,100.0,,
218,comp_10765,company,E02007058,MGU,4,4,100.0,,
220,comp_10767,company,E02007058,MGU,4,4,100.0,,
221,comp_10768,company,E02007058,MGU,4,4,100.0,,
222,comp_10769,company,E02007058,MGU,4,4,100.0,,
225,comp_10772,company,E02007058,MGU,4,4,100.0,,
227,comp_10774,company,E02007058,MGU,4,4,100.0,,
229,comp_10776,company,E02007058,MGU,4,4,100.0,,
230,comp_10777,company,E02007058,MGU,4,4,100.0,,
231,comp_10778,company,E02007058,MGU,4,4,100.0,,
235,comp_10782,company,E02007058,MGU,4,4,100.0,,
237,comp_10784,company,E02007058,MGU,4,4,100.0,,
238,comp_10785,company,E02007058,MGU,4,4,100.0,,
239,comp_10786,company,E02007058,MGU,4,4,100.0,,
242,comp_10789,company,E02007058,MGU,4,4,100.0,,
244,comp_10791,company,E02007058,MGU,4,4,100.0,,
245,comp_10792,company,E02007058,MGU,4,4,100.0,,
247,comp_10794,company,E02007058,MGU,4,4,100.0,,
252,comp_10799,company,E02007058,MGU,4,4,100.0,,
253,comp_10800,company,E02007058,MGU,4,4,100.0,,
254,comp_10801,company,E02007058,MGU,4,4,100.0,,
255,comp_10802,company,E02007058,MGU,4,4,100.0,,
256,comp_10803,company,E02007058,MGU,4,4,100.0,,
257,comp_10804,company,E02007058,MGU,4,4,100.0,,
262,comp_10809,company,E02007058,MGU,4,4,100.0,,
263,comp_10810,company,E02007058,MGU,4,4,100.0,,
267,comp_10814,company,E02007058,MGU,4,4,100.0,,
268,comp_10815,company,E02007058,MGU,4,4,100.0,,
271,comp_10818,company,E02007058,MGU,4,4,100.0,,
272,comp_10819,company,E02007058,MGU,4,4,100.0,,
276,comp_10823,company,E02007058,MGU,4,4,100.0,,
279,comp_10826,company,E02007058,MGU,4,4,100.0,,
280,comp_10827,company,E02007058,MGU,4,4,100.0,,
286,comp_10833,company,E02007058,MGU,4,4,100.0,,
287,comp_10834,company,E02007058,MGU,4,4,100.0,,
288,comp_10835,company,E02007058,MGU,4,4,100.0,,
293,comp_10840,company,E02007058,MGU,4,4,100.0,,
294,comp_10841,company,E02007058,MGU,4,4,100.0,,
295,comp_10842,company,E02007058,MGU,4,4,100.0,,
304,comp_10851,company,E02007058,MGU,4,4,100.0,,
310,comp_10857,company,E02007058,MGU,4,4,100.0,,
311,comp_10858,company,E02007058,MGU,4,4,100.0,,
359,comp_10906,company,E02007058,MGU,4,4,100.0,,
360,comp_10907,company,E02007058,MGU,4,4,100.0,,
361,comp_10908,company,E02007058,MGU,4,4,100.0,,
362,comp_10909,company,E02007058,MGU,4,4,100.0,,
364,comp_10911,company,E02007058,MGU,4,4,100.0,,
365,comp_10912,company,E02007058,MGU,4,4,100.0,,
366,comp_10913,company,E02007058,MGU,4,4,100.0,,
367,comp_10914,company,E02007058,MGU,4,4,100.0,,
368,comp_10915,company,E02007058,MGU,4,4,100.0,,
369,comp_10916,company,E02007058,MGU,4,4,100.0,,
370,comp_10917,company,E02007058,MGU,4,4,100.0,,
371,comp_10918,company,E02007058,MGU,4,4,100.0,,
372,comp_10919,company,E02007058,MGU,4,4,100.0,,
373,comp_10920,company,E02007058,MGU,4,4,100.0,,
374,comp_10921,company,E02007058,MGU,4,4,100.0,,
375,comp_10922,company,E02007058,MGU,4,4,100.0,,
376,comp_10923,company,E02007058,MGU,4,4,100.0,,
377,comp_10924,company,E02007058,MGU,4,4,100.0,,
378,comp_10925,company,E02007058,MGU,4,4,100.0,,
379,comp_10926,company,E02007058,MGU,4,4,100.0,,
380,comp_10927,company,E02007058,MGU,4,4,100.0,,
381,comp_10928,company,E02007058,MGU,4,4,100.0,,
382,comp_10929,company,E02007058,MGU,4,4,100.0,,
383,comp_10930,company,E02007058,MGU,4,4,100.0,,
384,comp_10931,company,E02007058,MGU,4,4,100.0,,
385,comp_10932,company,E02007058,MGU,4,4,100.0,,
386,comp_10933,company,E02007058,MGU,4,4,100.0,,
387,comp_10934,company,E02007058,MGU,4,4,100.0,,
388,comp_10935,company,E02007058,MGU,4,4,100.0,,
389,comp_10936,company,E02007058,MGU,4,4,100.0,,
390,comp_10937,company,E02007058,MGU,4,4,100.0,,
391,comp_10938,company,E02007058,MGU,4,4,100.0,,
392,comp_10939,company,E02007058,MGU,4,4,100.0,,
393,comp_10940,company,E02007058,MGU,4,4,100.0,,
394,comp_10941,company,E02007058,MGU,4,4,100.0,,
395,comp_10942,company,E02007058,MGU,4,4,100.0,,
396,comp_10943,company,E02007058,MGU,4,4,100.0,,
397,comp_10944,company,E02007058,MGU,4,4,100.0,,
398,comp_10945,company,E02007058,MGU,4,4,100.0,,
399,comp_10946,company,E02007058,MGU,4,4,100.0,,
400,comp_10947,company,E02007058,MGU,4,4,100.0,,
401,comp_10948,company,E02007058,MGU,4,4,100.0,,
402,comp_10949,company,E02007058,MGU,4,4,100.0,,
403,comp_10950,company,E02007058,MGU,4,4,100.0,,
404,comp_10951,company,E02007058,MGU,4,4,100.0,,
405,comp_10952,company,E02007058,MGU,4,4,100.0,,
406,comp_10953,company,E02007058,MGU,4,4,100.0,,
407,comp_10954,company,E02007058,MGU,4,4,100.0,,
408,comp_10955,company,E02007058,MGU,4,4,100.0,,
409,comp_10956,company,E02007058,MGU,4,4,100.0,,
421,comp_10968,company,E02007058,MGU,4,4,100.0,,
422,comp_10969,company,E02007058,MGU,4,4,100.0,,
423,comp_10970,company,E02007058,MGU,4,4,100.0,,
429,comp_10976,company,E02007058,MGU,10,4,40.0,,
432,comp_10979,company,E02007058,MGU,10,4,40.0,,
449,comp_10996,company,E02007058,MGU,10,4,40.0,,
452,comp_10999,company,E02007058,MGU,5,4,80.0,,
453,comp_11000,company,E02007058,MGU,5,4,80.0,,
456,comp_11003,company,E02007058,MGU,5,4,80.0,,
469,comp_11016,company,E02007058,MGU,4,4,100.0,,
470,comp_11017,company,E02007058,MGU,4,4,100.0,,
471,comp_11018,company,E02007058,MGU,4,4,100.0,,
473,comp_11020,company,E02007058,MGU,4,4,100.0,,
474,comp_11021,company,E02007058,MGU,4,4,100.0,,
475,comp_11022,company,E02007058,MGU,4,4,100.0,,
476,comp_11023,company,E02007058,MGU,4,4,100.0,,
477,comp_11024,company,E02007058,MGU,4,4,100.0,,
478,comp_11025,company,E02007058,MGU,4,4,100.0,,
479,comp_11026,company,E02007058,MGU,4,4,100.0,,
480,comp_11027,company,E02007058,MGU,4,4,100.0,,
481,comp_11028,company,E02007058,MGU,4,4,100.0,,
482,comp_11029,company,E02007058,MGU,4,4,100.0,,
483,comp_11030,company,E02007058,MGU,4,4,100.0,,
484,comp_11031,company,E02007058,MGU,4,4,100.0,,
485,comp_11032,company,E02007058,MGU,4,4,100.0,,
486,comp_11033,company,E02007058,MGU,4,4,100.0,,
487,comp_11034,company,E02007058,MGU,4,4,100.0,,
488,comp_11035,company,E02007058,MGU,4,4,100.0,,
489,comp_11036,company,E02007058,MGU,4,4,100.0,,
490,comp_11037,company,E02007058,MGU,4,4,100.0,,
491,comp_11038,company,E02007058,MGU,4,4,100.0,,
492,comp_11039,company,E02007058,MGU,4,4,100.0,,
493,comp_11040,company,E02007058,MGU,4,4,100.0,,
494,comp_11041,company,E02007058,MGU,4,4,100.0,,
495,comp_11042,company,E02007058,MGU,4,4,100.0,,
496,comp_11043,company,E02007058,MGU,4,4,100.0,,
497,comp_11044,company,E02007058,MGU,4,4,100.0,,
498,comp_11045,company,E02007058,MGU,4,4,100.0,,
499,comp_11046,company,E02007058,MGU,4,4,100.0,,
500,comp_11047,company,E02007058,MGU,4,4,100.0,,
501,comp_11048,company,E02007058,MGU,4,4,100.0,,
502,comp_11049,company,E02007058,MGU,4,4,100.0,,
503,comp_11050,company,E02007058,MGU,4,4,100.0,,
504,comp_11051,company,E02007058,MGU,4,4,100.0,,
505,comp_11052,company,E02007058,MGU,4,4,100.0,,
506,comp_11053,company,E02007058,MGU,4,4,100.0,,
507,comp_11054,company,E02007058,MGU,4,4,100.0,,
508,comp_11055,company,E02007058,MGU,4,4,100.0,,
509,comp_11056,company,E02007058,MGU,4,4,100.0,,
510,comp_11057,company,E02007058,MGU,4,4,100.0,,
511,comp_11058,company,E02007058,MGU,4,4,100.0,,
512,comp_11059,company,E02007058,MGU,4,4,100.0,,
513,comp_11060,company,E02007058,MGU,4,4,100.0,,
514,comp_11061,company,E02007058,MGU,4,4,100.0,,
515,comp_11062,company,E02007058,MGU,4,4,100.0,,
516,comp_11063,company,E02007058,MGU,4,4,100.0,,
517,comp_11064,company,E02007058,MGU,4,4,100.0,,
518,comp_11065,company,E02007058,MGU,4,4,100.0,,
519,comp_11066,company,E02007058,MGU,4,4,100.0,,
520,comp_11067,company,E02007058,MGU,4,4,100.0,,
521,comp_11068,company,E02007058,MGU,4,4,100.0,,
522,comp_11069,company,E02007058,MGU,4,4,100.0,,
523,comp_11070,company,E02007058,MGU,4,4,100.0,,
524,comp_11071,company,E02007058,MGU,4,4,100.0,,
525,comp_11072,company,E02007058,MGU,4,4,100.0,,
526,comp_11073,company,E02007058,MGU,4,4,100.0,,
527,comp_11074,company,E02007058,MGU,4,4,100.0,,
528,comp_11075,company,E02007058,MGU,4,4,100.0,,
529,comp_11076,company,E02007058,MGU,4,4,100.0,,
530,comp_11077,company,E02007058,MGU,4,4,100.0,,
531,comp_11078,company,E02007058,MGU,4,4,100.0,,
532,comp_11079,company,E02007058,MGU,4,4,100.0,,
533,comp_11080,company,E02007058,MGU,4,4,100.0,,
534,comp_11081,company,E02007058,MGU,4,4,100.0,,
535,comp_11082,company,E02007058,MGU,4,4,100.0,,
536,comp_11083,company,E02007058,MGU,4,4,100.0,,
537,comp_11084,company,E02007058,MGU,4,4,100.0,,
538,comp_11085,company,E02007058,MGU,4,4,100.0,,
539,comp_11086,company,E02007058,MGU,4,4,100.0,,
540,comp_11087,company,E02007058,MGU,4,4,100.0,,
541,comp_11088,company,E02007058,MGU,4,4,100.0,,
542,comp_11089,company,E02007058,MGU,4,4,100.0,,
543,comp_11090,company,E02007058,MGU,4,4,100.0,,
544,comp_11091,company,E02007058,MGU,4,4,100.0,,
545,comp_11092,company,E02007058,MGU,4,4,100.0,,
546,comp_11093,company,E02007058,MGU,4,4,100.0,,
547,comp_11094,company,E02007058,MGU,4,4,100.0,,
548,comp_11095,company,E02007058,MGU,4,4,100.0,,
549,comp_11096,company,E02007058,MGU,4,4,100.0,,
550,comp_11097,company,E02007058,MGU,4,4,100.0,,
551,comp_11098,company,E02007058,MGU,4,4,100.0,,
552,comp_11099,company,E02007058,MGU,4,4,100.0,,
553,comp_11100,company,E02007058,MGU,4,4,100.0,,
554,comp_11101,company,E02007058,MGU,4,4,100.0,,
555,comp_11102,company,E02007058,MGU,4,4,100.0,,
556,comp_11103,company,E02007058,MGU,4,4,100.0,,
557,comp_11104,company,E02007058,MGU,4,4,100.0,,
563,comp_11110,company,E02007058,MGU,4,4,100.0,,
564,comp_11111,company,E02007058,MGU,4,4,100.0,,
565,comp_11112,company,E02007058,MGU,4,4,100.0,,
566,comp_11113,company,E02007058,MGU,4,4,100.0,,
568,comp_11115,company,E02007058,MGU,4,4,100.0,,
569,comp_11116,company,E02007058,MGU,4,4,100.0,,
570,comp_11117,company,E02007058,MGU,4,4,100.0,,
571,comp_11118,company,E02007058,MGU,4,4,100.0,,
572,comp_11119,company,E02007058,MGU,4,4,100.0,,
573,comp_11120,company,E02007058,MGU,4,4,100.0,,
574,comp_11121,company,E02007058,MGU,4,4,100.0,,
575,comp_11122,company,E02007058,MGU,4,4,100.0,,
576,comp_11123,company,E02007058,MGU,4,4,100.0,,
577,comp_11124,company,E02007058,MGU,4,4,100.0,,
578,comp_11125,company,E02007058,MGU,4,4,100.0,,
579,comp_11126,company,E02007058,MGU,4,4,100.0,,
580,comp_11127,company,E02007058,MGU,4,4,100.0,,
581,comp_11128,company,E02007058,MGU,4,4,100.0,,
582,comp_11129,company,E02007058,MGU,4,4,100.0,,
583,comp_11130,company,E02007058,MGU,4,4,100.0,,
584,comp_11131,company,E02007058,MGU,4,4,100.0,,
585,comp_11132,company,E02007058,MGU,4,4,100.0,,
586,comp_11133,company,E02007058,MGU,4,4,100.0,,
587,comp_11134,company,E02007058,MGU,4,4,100.0,,
588,comp_11135,company,E02007058,MGU,4,4,100.0,,
589,comp_11136,company,E02007058,MGU,4,4,100.0,,
590,comp_11137,company,E02007058,MGU,4,4,100.0,,
591,comp_11138,company,E02007058,MGU,4,4,100.0,,
592,comp_11139,company,E02007058,MGU,4,4,100.0,,
593,comp_11140,company,E02007058,MGU,4,4,100.0,,
594,comp_11141,company,E02007058,MGU,4,4,100.0,,
595,comp_11142,company,E02007058,MGU,4,4,100.0,,
596,comp_11143,company,E02007058,MGU,4,4,100.0,,
597,comp_11144,company,E02007058,MGU,4,4,100.0,,
598,comp_11145,company,E02007058,MGU,4,4,100.0,,
599,comp_11146,company,E02007058,MGU,4,4,100.0,,
600,comp_11147,company,E02007058,MGU,4,4,100.0,,
601,comp_11148,company,E02007058,MGU,4,4,100.0,,
602,comp_11149,company,E02007058,MGU,4,4,100.0,,
603,comp_11150,company,E02007058,MGU,4,4,100.0,,
604,comp_11151,company,E02007058,MGU,4,4,100.0,,
605,comp_11152,company,E02007058,MGU,4,4,100.0,,
606,comp_11153,company,E02007058,MGU,4,4,100.0,,
607,comp_11154,company,E02007058,MGU,4,4,100.0,,
608,comp_11155,company,E02007058,MGU,4,4,100.0,,
609,comp_11156,company,E02007058,MGU,4,4,100.0,,
610,comp_11157,company,E02007058,MGU,4,4,100.0,,
611,comp_11158,company,E02007058,MGU,4,4,100.0,,
612,comp_11159,company,E02007058,MGU,4,4,100.0,,
613,comp_11160,company,E02007058,MGU,4,4,100.0,,
614,comp_11161,company,E02007058,MGU,4,4,100.0,,
615,comp_11162,company,E02007058,MGU,4,4,100.0,,
616,comp_11163,company,E02007058,MGU,4,4,100.0,,
617,comp_11164,company,E02007058,MGU,4,4,100.0,,
618,comp_11165,company,E02007058,MGU,4,4,100.0,,
619,comp_11166,company,E02007058,MGU,4,4,100.0,,
620,comp_11167,company,E02007058,MGU,4,4,100.0,,
621,comp_11168,company,E02007058,MGU,4,4,100.0,,
622,comp_11169,company,E02007058,MGU,4,4,100.0,,
623,comp_11170,company,E02007058,MGU,4,4,100.0,,
624,comp_11171,company,E02007058,MGU,4,4,100.0,,
625,comp_11172,company,E02007058,MGU,4,4,100.0,,
626,comp_11173,company,E02007058,MGU,4,4,100.0,,
627,comp_11174,company,E02007058,MGU,4,4,100.0,,
628,comp_11175,company,E02007058,MGU,4,4,100.0,,
629,comp_11176,company,E02007058,MGU,4,4,100.0,,
630,comp_11177,company,E02007058,MGU,4,4,100.0,,
631,comp_11178,company,E02007058,MGU,4,4,100.0,,
632,comp_11179,company,E02007058,MGU,4,4,100.0,,
633,comp_11180,company,E02007058,MGU,4,4,100.0,,
634,comp_11181,company,E02007058,MGU,4,4,100.0,,
635,comp_11182,company,E02007058,MGU,4,4,100.0,,
636,comp_11183,company,E02007058,MGU,4,4,100.0,,
637,comp_11184,company,E02007058,MGU,4,4,100.0,,
638,comp_11185,company,E02007058,MGU,4,4,100.0,,
639,comp_11186,company,E02007058,MGU,4,4,100.0,,
640,comp_11187,company,E02007058,MGU,4,4,100.0,,
641,comp_11188,company,E02007058,MGU,4,4,100.0,,
642,comp_11189,company,E02007058,MGU,4,4,100.0,,
643,comp_11190,company,E02007058,MGU,4,4,100.0,,
644,comp_11191,company,E02007058,MGU,4,4,100.0,,
645,comp_11192,company,E02007058,MGU,4,4,100.0,,
646,comp_11193,company,E02007058,MGU,4,4,100.0,,
647,comp_11194,company,E02007058,MGU,4,4,100.0,,
648,comp_11195,company,E02007058,MGU,4,4,100.0,,
649,comp_11196,company,E02007058,MGU,4,4,100.0,,
650,comp_11197,company,E02007058,MGU,4,4,100.0,,
651,comp_11198,company,E02007058,MGU,4,4,100.0,,
652,comp_11199,company,E02007058,MGU,4,4,100.0,,
653,comp_11200,company,E02007058,MGU,4,4,100.0,,
654,comp_11201,company,E02007058,MGU,4,4,100.0,,
655,comp_11202,company,E02007058,MGU,4,4,100.0,,
656,comp_11203,company,E02007058,MGU,4,4,100.0,,
657,comp_11204,company,E02007058,MGU,4,4,100.0,,
658,comp_11205,company,E02007058,MGU,4,4,100.0,,
659,comp_11206,company,E02007058,MGU,4,4,100.0,,
660,comp_11207,company,E02007058,MGU,4,4,100.0,,
661,comp_11208,company,E02007058,MGU,4,4,100.0,,
662,comp_11209,company,E02007058,MGU,4,4,100.0,,
663,comp_11210,company,E02007058,MGU,4,4,100.0,,
664,comp_11211,company,E02007058,MGU,4,4,100.0,,
665,comp_11212,company,E02007058,MGU,4,4,100.0,,
666,comp_11213,company,E02007058,MGU,4,4,100.0,,
667,comp_11214,company,E02007058,MGU,4,4,100.0,,
668,comp_11215,company,E02007058,MGU,4,4,100.0,,
669,comp_11216,company,E02007058,MGU,4,4,100.0,,
670,comp_11217,company,E02007058,MGU,4,4,100.0,,
672,comp_13875,company,E02004314,MGU,4,4,100.0,,
674,comp_13877,company,E02004314,MGU,4,4,100.0,,
675,comp_13878,company,E02004314,MGU,4,4,100.0,,
676,comp_13879,company,E02004314,MGU,4,4,100.0,,
677,comp_13880,company,E02004314,MGU,4,4,100.0,,
678,comp_13881,company,E02004314,MGU,4,4,100.0,,
679,comp_13882,company,E02004314,MGU,4,4,100.0,,
680,comp_13883,company,E02004314,MGU,4,4,100.0,,
681,comp_13884,company,E02004314,MGU,4,4,100.0,,
682,comp_13885,company,E02004314,MGU,4,4,100.0,,
683,comp_13886,company,E02004314,MGU,4,4,100.0,,
685,comp_13888,company,E02004314,MGU,4,4,100.0,,
686,comp_13889,company,E02004314,MGU,4,4,100.0,,
687,comp_13890,company,E02004314,MGU,4,4,100.0,,
688,comp_13891,company,E02004314,MGU,4,4,100.0,,
689,comp_13892,company,E02004314,MGU,4,4,100.0,,
690,comp_13893,company,E02004314,MGU,4,4,100.0,,
691,comp_13894,company,E02004314,MGU,4,4,100.0,,
692,comp_13895,company,E02004314,MGU,4,4,100.0,,
700,comp_13903,company,E02004314,MGU,4,4,100.0,,
701,comp_13904,company,E02004314,MGU,4,4,100.0,,
702,comp_13905,company,E02004314,MGU,4,4,100.0,,
703,comp_13906,company,E02004314,MGU,4,4,100.0,,
704,comp_13907,company,E02004314,MGU,4,4,100.0,,
705,comp_13908,company,E02004314,MGU,4,4,100.0,,
706,comp_13909,company,E02004314,MGU,4,4,100.0,,
707,comp_13910,company,E02004314,MGU,4,4,100.0,,
708,comp_13911,company,E02004314,MGU,4,4,100.0,,
709,comp_13912,company,E02004314,MGU,4,4,100.0,,
710,comp_13913,company,E02004314,MGU,4,4,100.0,,
711,comp_13914,company,E02004314,MGU,4,4,100.0,,
712,comp_13915,company,E02004314,MGU,4,4,100.0,,
713,comp_13916,company,E02004314,MGU,4,4,100.0,,
714,comp_13917,company,E02004314,MGU,4,4,100.0,,
716,comp_13919,company,E02004314,MGU,4,4,100.0,,
717,comp_13920,company,E02004314,MGU,4,4,100.0,,
718,comp_13921,company,E02004314,MGU,4,4,100.0,,
719,comp_13922,company,E02004314,MGU,4,4,100.0,,
720,comp_13923,company,E02004314,MGU,4,4,100.0,,
721,comp_13924,company,E02004314,MGU,4,4,100.0,,
722,comp_13925,company,E02004314,MGU,4,4,100.0,,
723,comp_13926,company,E02004314,MGU,4,4,100.0,,
724,comp_13927,company,E02004314,MGU,4,4,100.0,,
725,comp_13928,company,E02004314,MGU,4,4,100.0,,
726,comp_13929,company,E02004314,MGU,4,4,100.0,,
728,comp_13931,company,E02004314,MGU,4,4,100.0,,
729,comp_13932,company,E02004314,MGU,4,4,100.0,,
730,comp_13933,company,E02004314,MGU,4,4,100.0,,
731,comp_13934,company,E02004314,MGU,4,4,100.0,,
732,comp_13935,company,E02004314,MGU,4,4,100.0,,
733,comp_13936,company,E02004314,MGU,4,4,100.0,,
734,comp_13937,company,E02004314,MGU,4,4,100.0,,
735,comp_13938,company,E02004314,MGU,4,4,100.0,,
736,comp_13939,company,E02004314,MGU,4,4,100.0,,
737,comp_13940,company,E02004314,MGU,4,4,100.0,,
738,comp_13941,company,E02004314,MGU,4,4,100.0,,
739,comp_13942,company,E02004314,MGU,4,4,100.0,,
740,comp_13943,company,E02004314,MGU,4,4,100.0,,
741,comp_13944,company,E02004314,MGU,4,4,100.0,,
742,comp_13945,company,E02004314,MGU,4,4,100.0,,
743,comp_13946,company,E02004314,MGU,4,4,100.0,,
744,comp_13947,company,E02004314,MGU,4,4,100.0,,
745,comp_13948,company,E02004314,MGU,4,4,100.0,,
746,comp_13949,company,E02004314,MGU,4,4,100.0,,
747,comp_13950,company,E02004314,MGU,4,4,100.0,,
748,comp_13951,company,E02004314,MGU,4,4,100.0,,
749,comp_13952,company,E02004314,MGU,4,4,100.0,,
750,comp_13953,company,E02004314,MGU,4,4,100.0,,
751,comp_13954,company,E02004314,MGU,4,4,100.0,,
752,comp_13955,company,E02004314,MGU,4,4,100.0,,
753,comp_13956,company,E02004314,MGU,4,4,100.0,,
761,comp_13964,company,E02004314,MGU,4,4,100.0,,
762,comp_13965,company,E02004314,MGU,4,4,100.0,,
763,comp_13966,company,E02004314,MGU,4,4,100.0,,
764,comp_13967,company,E02004314,MGU,4,4,100.0,,
765,comp_13968,company,E02004314,MGU,4,4,100.0,,
766,comp_13969,company,E02004314,MGU,4,4,100.0,,
767,comp_13970,company,E02004314,MGU,4,4,100.0,,
768,comp_13971,company,E02004314,MGU,4,4,100.0,,
769,comp_13972,company,E02004314,MGU,4,4,100.0,,
770,comp_13973,company,E02004314,MGU,4,4,100.0,,
771,comp_13974,company,E02004314,MGU,4,4,100.0,,
772,comp_13975,company,E02004314,MGU,4,4,100.0,,
773,comp_13976,company,E02004314,MGU,4,4,100.0,,
774,comp_13977,company,E02004314,MGU,4,4,100.0,,
775,comp_13978,company,E02004314,MGU,4,4,100.0,,
776,comp_13979,company,E02004314,MGU,4,4,100.0,,
777,comp_13980,company,E02004314,MGU,4,4,100.0,,
778,comp_13981,company,E02004314,MGU,4,4,100.0,,
779,comp_13982,company,E02004314,MGU,4,4,100.0,,
780,comp_13983,company,E02004314,MGU,4,4,100.0,,
781,comp_13984,company,E02004314,MGU,4,4,100.0,,
782,comp_13985,company,E02004314,MGU,4,4,100.0,,
783,comp_13986,company,E02004314,MGU,4,4,100.0,,
784,comp_13987,company,E02004314,MGU,4,4,100.0,,
785,comp_13988,company,E02004314,MGU,4,4,100.0,,
786,comp_13989,company,E02004314,MGU,4,4,100.0,,
787,comp_13990,company,E02004314,MGU,4,4,100.0,,
788,comp_13991,company,E02004314,MGU,4,4,100.0,,
789,comp_13992,company,E02004314,MGU,4,4,100.0,,
790,comp_13993,company,E02004314,MGU,4,4,100.0,,
791,comp_13994,company,E02004314,MGU,4,4,100.0,,
792,comp_13995,company,E02004314,MGU,4,4,100.0,,
793,comp_13996,company,E02004314,MGU,4,4,100.0,,
794,comp_13997,company,E02004314,MGU,4,4,100.0,,
795,comp_13998,company,E02004314,MGU,4,4,100.0,,
796,comp_13999,company,E02004314,MGU,4,4,100.0,,
797,comp_14000,company,E02004314,MGU,4,4,100.0,,
798,comp_14001,company,E02004314,MGU,4,4,100.0,,
799,comp_14002,company,E02004314,MGU,4,4,100.0,,
800,comp_14003,company,E02004314,MGU,4,4,100.0,,
801,comp_14004,company,E02004314,MGU,4,4,100.0,,
802,comp_14005,company,E02004314,MGU,4,4,100.0,,
803,comp_14006,company,E02004314,MGU,4,4,100.0,,
804,comp_14007,company,E02004314,MGU,4,4,100.0,,
805,comp_14008,company,E02004314,MGU,4,4,100.0,,
806,comp_14009,company,E02004314,MGU,4,4,100.0,,
809,comp_14012,company,E02004314,MGU,4,4,100.0,,
810,comp_14013,company,E02004314,MGU,4,4,100.0,,
811,comp_14014,company,E02004314,MGU,4,4,100.0,,
812,comp_14015,company,E02004314,MGU,4,4,100.0,,
821,comp_14024,company,E02004314,MGU,4,4,100.0,,
823,comp_14026,company,E02004314,MGU,4,4,100.0,,
825,comp_14028,company,E02004314,MGU,4,4,100.0,,
826,comp_14029,company,E02004314,MGU,4,4,100.0,,
827,comp_14030,company,E02004314,MGU,4,4,100.0,,
829,comp_14032,company,E02004314,MGU,4,4,100.0,,
834,comp_14037,company,E02004314,MGU,4,4,100.0,,
835,comp_14038,company,E02004314,MGU,4,4,100.0,,
840,comp_14043,company,E02004314,MGU,4,4,100.0,,
841,comp_14044,company,E02004314,MGU,4,4,100.0,,
853,comp_14056,company,E02004314,MGU,4,4,100.0,,
854,comp_14057,company,E02004314,MGU,4,4,100.0,,
855,comp_14058,company,E02004314,MGU,4,4,100.0,,
856,comp_14059,company,E02004314,MGU,4,4,100.0,,
857,comp_14060,company,E02004314,MGU,4,4,100.0,,
858,comp_14061,company,E02004314,MGU,4,4,100.0,,
859,comp_14062,company,E02004314,MGU,4,4,100.0,,
860,comp_14063,company,E02004314,MGU,4,4,100.0,,
861,comp_14064,company,E02004314,MGU,4,4,100.0,,
862,comp_14065,company,E02004314,MGU,4,4,100.0,,
863,comp_14066,company,E02004314,MGU,4,4,100.0,,
864,comp_14067,company,E02004314,MGU,4,4,100.0,,
865,comp_14068,company,E02004314,MGU,4,4,100.0,,
866,comp_14069,company,E02004314,MGU,4,4,100.0,,
867,comp_14070,company,E02004314,MGU,4,4,100.0,,
868,comp_14071,company,E02004314,MGU,4,4,100.0,,
869,comp_14072,company,E02004314,MGU,4,4,100.0,,
870,comp_14073,company,E02004314,MGU,4,4,100.0,,
871,comp_14074,company,E02004314,MGU,4,4,100.0,,
872,comp_14075,company,E02004314,MGU,4,4,100.0,,
873,comp_14076,company,E02004314,MGU,4,4,100.0,,
879,comp_14082,company,E02004314,MGU,4,4,100.0,,
883,comp_14086,company,E02004314,MGU,4,4,100.0,,
884,comp_14087,company,E02004314,MGU,4,4,100.0,,
889,comp_14092,company,E02004314,MGU,4,4,100.0,,
898,comp_14101,company,E02004314,MGU,4,4,100.0,,
904,comp_14107,company,E02004314,MGU,4,4,100.0,,
906,comp_14109,company,E02004314,MGU,4,4,100.0,,
919,comp_14122,company,E02004314,MGU,4,4,100.0,,
920,comp_14123,company,E02004314,MGU,4,4,100.0,,
922,comp_14125,company,E02004314,MGU,4,4,100.0,,
929,comp_14132,company,E02004314,MGU,4,4,100.0,,
930,comp_14133,company,E02004314,MGU,4,4,100.0,,
946,comp_14149,company,E02004315,MGU,4,4,100.0,,
947,comp_14150,company,E02004315,MGU,4,4,100.0,,
948,comp_14151,company,E02004315,MGU,4,4,100.0,,
949,comp_14152,company,E02004315,MGU,4,4,100.0,,
954,comp_14157,company,E02004315,MGU,4,4,100.0,,
955,comp_14158,company,E02004315,MGU,4,4,100.0,,
956,comp_14159,company,E02004315,MGU,4,4,100.0,,
957,comp_14160,company,E02004315,MGU,4,4,100.0,,
973,comp_14176,company,E02004315,MGU,4,4,100.0,,
974,comp_14177,company,E02004315,MGU,4,4,100.0,,
975,comp_14178,company,E02004315,MGU,4,4,100.0,,
976,comp_14179,company,E02004315,MGU,4,4,100.0,,
977,comp_14180,company,E02004315,MGU,4,4,100.0,,
978,comp_14181,company,E02004315,MGU,4,4,100.0,,
979,comp_14182,company,E02004315,MGU,4,4,100.0,,
980,comp_14183,company,E02004315,MGU,4,4,100.0,,
981,comp_14184,company,E02004315,MGU,4,4,100.0,,
982,comp_14185,company,E02004315,MGU,4,4,100.0,,
983,comp_14186,company,E02004315,MGU,4,4,100.0,,
984,comp_14187,company,E02004315,MGU,4,4,100.0,,
985,comp_14188,company,E02004315,MGU,4,4,100.0,,
986,comp_14189,company,E02004315,MGU,4,4,100.0,,
987,comp_14190,company,E02004315,MGU,4,4,100.0,,
988,comp_14191,company,E02004315,MGU,4,4,100.0,,
989,comp_14192,company,E02004315,MGU,4,4,100.0,,
990,comp_14193,company,E02004315,MGU,4,4,100.0,,
991,comp_14194,company,E02004315,MGU,4,4,100.0,,
992,comp_14195,company,E02004315,MGU,4,4,100.0,,
994,comp_14197,company,E02004315,MGU,4,4,100.0,,
995,comp_14198,company,E02004315,MGU,4,4,100.0,,
996,comp_14199,company,E02004315,MGU,4,4,100.0,,
997,comp_14200,company,E02004315,MGU,4,4,100.0,,
998,comp_14201,company,E02004315,MGU,4,4,100.0,,
999,comp_14202,company,E02004315,MGU,4,4,100.0,,
1000,comp_14203,company,E02004315,MGU,4,4,100.0,,
1001,comp_14204,company,E02004315,MGU,4,4,100.0,,
1002,comp_14205,company,E02004315,MGU,4,4,100.0,,
1003,comp_14206,company,E02004315,MGU,4,4,100.0,,
1004,comp_14207,company,E02004315,MGU,4,4,100.0,,
1005,comp_14208,company,E02004315,MGU,4,4,100.0,,
1006,comp_14209,company,E02004315,MGU,4,4,100.0,,
1007,comp_14210,company,E02004315,MGU,4,4,100.0,,
1008,comp_14211,company,E02004315,MGU,4,4,100.0,,
1009,comp_14212,company,E02004315,MGU,4,4,100.0,,
1010,comp_14213,company,E02004315,MGU,4,4,100.0,,
1011,comp_14214,company,E02004315,MGU,4,4,100.0,,
1012,comp_14215,company,E02004315,MGU,4,4,100.0,,
1013,comp_14216,company,E02004315,MGU,4,4,100.0,,
1014,comp_14217,company,E02004315,MGU,4,4,100.0,,
1015,comp_14218,company,E02004315,MGU,4,4,100.0,,
1016,comp_14219,company,E02004315,MGU,4,4,100.0,,
1017,comp_14220,company,E02004315,MGU,4,4,100.0,,
1018,comp_14221,company,E02004315,MGU,4,4,100.0,,
1019,comp_14222,company,E02004315,MGU,4,4,100.0,,
1020,comp_14223,company,E02004315,MGU,4,4,100.0,,
1021,comp_14224,company,E02004315,MGU,4,4,100.0,,
1022,comp_14225,company,E02004315,MGU,4,4,100.0,,
1023,comp_14226,company,E02004315,MGU,4,4,100.0,,
1024,comp_14227,company,E02004315,MGU,4,4,100.0,,
1025,comp_14228,company,E02004315,MGU,4,4,100.0,,
1026,comp_14229,company,E02004315,MGU,4,4,100.0,,
1027,comp_14230,company,E02004315,MGU,4,4,100.0,,
1028,comp_14231,company,E02004315,MGU,4,4,100.0,,
1029,comp_14232,company,E02004315,MGU,4,4,100.0,,
1030,comp_14233,company,E02004315,MGU,4,4,100.0,,
1035,comp_14238,company,E02004315,MGU,4,4,100.0,,
1045,comp_14248,company,E02004315,MGU,4,4,100.0,,
1052,comp_14255,company,E02004315,MGU,4,4,100.0,,
1054,comp_14257,company,E02004315,MGU,4,4,100.0,,
1056,comp_14259,company,E02004315,MGU,4,4,100.0,,
1059,comp_14262,company,E02004315,MGU,4,4,100.0,,
1075,comp_14278,company,E02004315,MGU,4,4,100.0,,
1079,comp_14282,company,E02004315,MGU,4,4,100.0,,
1080,comp_14283,company,E02004315,MGU,4,4,100.0,,
1086,comp_14289,company,E02004315,MGU,4,4,100.0,,
1087,comp_14290,company,E02004315,MGU,4,4,100.0,,
1107,comp_14310,company,E02004315,MGU,4,4,100.0,,
1110,comp_14313,company,E02004315,MGU,4,4,100.0,,
1115,comp_14318,company,E02004315,MGU,4,4,100.0,,
1132,comp_14335,company,E02004315,MGU,4,4,100.0,,
1144,comp_14347,company,E02004315,MGU,4,4,100.0,,
1145,comp_14348,company,E02004315,MGU,4,4,100.0,,
1148,comp_14351,company,E02004315,MGU,4,4,100.0,,
1194,comp_14397,company,E02004315,MGU,4,4,100.0,,
1195,comp_14398,company,E02004315,MGU,4,4,100.0,,
1196,comp_14399,company,E02004315,MGU,4,4,100.0,,
1197,comp_14400,company,E02004315,MGU,4,4,100.0,,
1198,comp_14401,company,E02004315,MGU,4,4,100.0,,
1212,comp_14415,company,E02004315,MGU,4,4,100.0,,
1213,comp_14416,company,E02004315,MGU,4,4,100.0,,
1214,comp_14417,company,E02004315,MGU,4,4,100.0,,
1215,comp_14418,company,E02004315,MGU,4,4,100.0,,
1216,comp_14419,company,E02004315,MGU,4,4,100.0,,
1229,comp_14432,company,E02004315,MGU,4,4,100.0,,
1230,comp_14433,company,E02004315,MGU,4,4,100.0,,
1231,comp_14434,company,E02004315,MGU,4,4,100.0,,
1254,comp_14457,company,E02004315,MGU,10,4,40.0,,
1260,comp_14463,company,E02004315,MGU,4,4,100.0,,
1262,comp_14465,company,E02004315,MGU,4,4,100.0,,
1269,comp_14472,company,E02004315,MGU,4,4,100.0,,
1270,comp_14473,company,E02004315,MGU,4,4,100.0,,
1271,comp_14474,company,E02004315,MGU,4,4,100.0,,
1279,comp_14482,company,E02004315,MGU,4,4,100.0,,
1280,comp_14483,company,E02004315,MGU,4,4,100.0,,
1281,comp_14484,company,E02004315,MGU,4,4,100.0,,
1282,comp_14485,company,E02004315,MGU,4,4,100.0,,
1283,comp_14486,company,E02004315,MGU,4,4,100.0,,
1284,comp_14487,company,E02004315,MGU,4,4,100.0,,
1285,comp_14488,company,E02004315,MGU,4,4,100.0,,
1286,comp_14489,company,E02004315,MGU,4,4,100.0,,
1287,comp_14490,company,E02004315,MGU,4,4,100.0,,
1288,comp_14491,company,E02004315,MGU,4,4,100.0,,
1289,comp_14492,company,E02004315,MGU,4,4,100.0,,
1290,comp_14493,company,E02004315,MGU,4,4,100.0,,
1291,comp_14494,company,E02004315,MGU,4,4,100.0,,
1292,comp_14495,company,E02004315,MGU,4,4,100.0,,
1293,comp_14496,company,E02004315,MGU,4,4,100.0,,
1294,comp_14497,company,E02004315,MGU,4,4,100.0,,
1295,comp_14498,company,E02004315,MGU,4,4,100.0,,
1296,comp_14499,company,E02004315,MGU,4,4,100.0,,
1297,comp_14500,company,E02004315,MGU,4,4,100.0,,
1298,comp_14501,company,E02004315,MGU,4,4,100.0,,
1299,comp_14502,company,E02004315,MGU,4,4,100.0,,
1300,comp_14503,company,E02004315,MGU,4,4,100.0,,
1301,comp_14504,company,E02004315,MGU,4,4,100.0,,
1302,comp_14505,company,E02004315,MGU,4,4,100.0,,
1303,comp_14506,company,E02004315,MGU,4,4,100.0,,
1304,comp_14507,company,E02004315,MGU,4,4,100.0,,
1305,comp_14508,company,E02004315,MGU,4,4,100.0,,
1306,comp_14509,company,E02004315,MGU,4,4,100.0,,
1311,comp_14514,company,E02004315,MGU,4,4,100.0,,
1312,comp_14515,company,E02004315,MGU,4,4,100.0,,
1332,comp_14535,company,E02004315,MGU,4,4,100.0,,
1333,comp_14536,company,E02004315,MGU,4,4,100.0,,
2,comp_10549,company,E02007058,MGU,3,3,100.0,,
9,comp_10556,company,E02007058,MGU,3,3,100.0,,
19,comp_10566,company,E02007058,MGU,3,3,100.0,,
32,comp_10579,company,E02007058,MGU,341,3,0.9,,
35,comp_10582,company,E02007058,MGU,3,3,100.0,,
37,comp_10584,company,E02007058,MGU,3,3,100.0,,
145,comp_10692,company,E02007058,MGU,3,3,100.0,,
212,comp_10759,company,E02007058,MGU,4,3,75.0,,
214,comp_10761,company,E02007058,MGU,4,3,75.0,,
223,comp_10770,company,E02007058,MGU,4,3,75.0,,
226,comp_10773,company,E02007058,MGU,4,3,75.0,,
236,comp_10783,company,E02007058,MGU,4,3,75.0,,
241,comp_10788,company,E02007058,MGU,4,3,75.0,,
246,comp_10793,company,E02007058,MGU,4,3,75.0,,
248,comp_10795,company,E02007058,MGU,4,3,75.0,,
249,comp_10796,company,E02007058,MGU,4,3,75.0,,
250,comp_10797,company,E02007058,MGU,4,3,75.0,,
251,comp_10798,company,E02007058,MGU,4,3,75.0,,
258,comp_10805,company,E02007058,MGU,4,3,75.0,,
261,comp_10808,company,E02007058,MGU,4,3,75.0,,
265,comp_10812,company,E02007058,MGU,4,3,75.0,,
269,comp_10816,company,E02007058,MGU,4,3,75.0,,
270,comp_10817,company,E02007058,MGU,4,3,75.0,,
274,comp_10821,company,E02007058,MGU,4,3,75.0,,
284,comp_10831,company,E02007058,MGU,4,3,75.0,,
285,comp_10832,company,E02007058,MGU,4,3,75.0,,
289,comp_10836,company,E02007058,MGU,4,3,75.0,,
298,comp_10845,company,E02007058,MGU,4,3,75.0,,
302,comp_10849,company,E02007058,MGU,4,3,75.0,,
303,comp_10850,company,E02007058,MGU,4,3,75.0,,
305,comp_10852,company,E02007058,MGU,3,3,100.0,,
440,comp_10987,company,E02007058,MGU,4,3,75.0,,
446,comp_10993,company,E02007058,MGU,258,3,1.2,,
448,comp_10995,company,E02007058,MGU,10,3,30.0,,
684,comp_13887,company,E02004314,MGU,3,3,100.0,,
727,comp_13930,company,E02004314,MGU,3,3,100.0,,
760,comp_13963,company,E02004314,MGU,3,3,100.0,,
807,comp_14010,company,E02004314,MGU,3,3,100.0,,
808,comp_14011,company,E02004314,MGU,4,3,75.0,,
813,comp_14016,company,E02004314,MGU,4,3,75.0,,
815,comp_14018,company,E02004314,MGU,4,3,75.0,,
816,comp_14019,company,E02004314,MGU,4,3,75.0,,
818,comp_14021,company,E02004314,MGU,4,3,75.0,,
819,comp_14022,company,E02004314,MGU,4,3,75.0,,
828,comp_14031,company,E02004314,MGU,4,3,75.0,,
831,comp_14034,company,E02004314,MGU,4,3,75.0,,
832,comp_14035,company,E02004314,MGU,4,3,75.0,,
833,comp_14036,company,E02004314,MGU,4,3,75.0,,
838,comp_14041,company,E02004314,MGU,3,3,100.0,,
845,comp_14048,company,E02004314,MGU,4,3,75.0,,
852,comp_14055,company,E02004314,MGU,3,3,100.0,,
875,comp_14078,company,E02004314,MGU,3,3,100.0,,
876,comp_14079,company,E02004314,MGU,4,3,75.0,,
877,comp_14080,company,E02004314,MGU,4,3,75.0,,
881,comp_14084,company,E02004314,MGU,4,3,75.0,,
882,comp_14085,company,E02004314,MGU,4,3,75.0,,
885,comp_14088,company,E02004314,MGU,4,3,75.0,,
886,comp_14089,company,E02004314,MGU,4,3,75.0,,
891,comp_14094,company,E02004314,MGU,4,3,75.0,,
892,comp_14095,company,E02004314,MGU,4,3,75.0,,
896,comp_14099,company,E02004314,MGU,4,3,75.0,,
900,comp_14103,company,E02004314,MGU,4,3,75.0,,
901,comp_14104,company,E02004314,MGU,4,3,75.0,,
902,comp_14105,company,E02004314,MGU,4,3,75.0,,
912,comp_14115,company,E02004314,MGU,4,3,75.0,,
913,comp_14116,company,E02004314,MGU,4,3,75.0,,
927,comp_14130,company,E02004314,MGU,4,3,75.0,,
928,comp_14131,company,E02004314,MGU,4,3,75.0,,
931,comp_14134,company,E02004314,MGU,4,3,75.0,,
938,comp_14141,company,E02004315,MGU,3,3,100.0,,
952,comp_14155,company,E02004315,MGU,3,3,100.0,,
993,comp_14196,company,E02004315,MGU,3,3,100.0,,
1031,comp_14234,company,E02004315,MGU,3,3,100.0,,
1039,comp_14242,company,E02004315,MGU,4,3,75.0,,
1044,comp_14247,company,E02004315,MGU,4,3,75.0,,
1046,comp_14249,company,E02004315,MGU,4,3,75.0,,
1047,comp_14250,company,E02004315,MGU,4,3,75.0,,
1051,comp_14254,company,E02004315,MGU,4,3,75.0,,
1053,comp_14256,company,E02004315,MGU,4,3,75.0,,
1062,comp_14265,company,E02004315,MGU,4,3,75.0,,
1068,comp_14271,company,E02004315,MGU,4,3,75.0,,
1077,comp_14280,company,E02004315,MGU,4,3,75.0,,
1084,comp_14287,company,E02004315,MGU,4,3,75.0,,
1088,comp_14291,company,E02004315,MGU,4,3,75.0,,
1090,comp_14293,company,E02004315,MGU,4,3,75.0,,
1095,comp_14298,company,E02004315,MGU,4,3,75.0,,
1104,comp_14307,company,E02004315,MGU,4,3,75.0,,
1105,comp_14308,company,E02004315,MGU,4,3,75.0,,
1109,comp_14312,company,E02004315,MGU,4,3,75.0,,
1114,comp_14317,company,E02004315,MGU,4,3,75.0,,
1138,comp_14341,company,E02004315,MGU,4,3,75.0,,
1139,comp_14342,company,E02004315,MGU,4,3,75.0,,
1149,comp_14352,company,E02004315,MGU,4,3,75.0,,
1152,comp_14355,company,E02004315,MGU,4,3,75.0,,
1160,comp_14363,company,E02004315,MGU,4,3,75.0,,
1171,comp_14374,company,E02004315,MGU,3,3,100.0,,
1199,comp_14402,company,E02004315,MGU,3,3,100.0,,
1217,comp_14420,company,E02004315,MGU,3,3,100.0,,
1218,comp_14421,company,E02004315,MGU,4,3,75.0,,
1236,comp_14439,company,E02004315,MGU,10,3,30.0,,
1242,comp_14445,company,E02004315,MGU,4,3,75.0,,
1248,comp_14451,company,E02004315,MGU,4,3,75.0,,
1256,comp_14459,company,E02004315,MGU,10,3,30.0,,
27,comp_10574,company,E02007058,MGU,324,2,0.6,,
92,comp_10639,company,E02007058,MGU,2,2,100.0,,
213,comp_10760,company,E02007058,MGU,4,2,50.0,,
215,comp_10762,company,E02007058,MGU,4,2,50.0,,
216,comp_10763,company,E02007058,MGU,4,2,50.0,,
219,comp_10766,company,E02007058,MGU,4,2,50.0,,
224,comp_10771,company,E02007058,MGU,4,2,50.0,,
243,comp_10790,company,E02007058,MGU,4,2,50.0,,
259,comp_10806,company,E02007058,MGU,4,2,50.0,,
264,comp_10811,company,E02007058,MGU,4,2,50.0,,
273,comp_10820,company,E02007058,MGU,4,2,50.0,,
275,comp_10822,company,E02007058,MGU,4,2,50.0,,
277,comp_10824,company,E02007058,MGU,4,2,50.0,,
281,comp_10828,company,E02007058,MGU,4,2,50.0,,
283,comp_10830,company,E02007058,MGU,4,2,50.0,,
291,comp_10838,company,E02007058,MGU,4,2,50.0,,
297,comp_10844,company,E02007058,MGU,4,2,50.0,,
301,comp_10848,company,E02007058,MGU,4,2,50.0,,
363,comp_10910,company,E02007058,MGU,2,2,100.0,,
410,comp_10957,company,E02007058,MGU,2,2,100.0,,
426,comp_10973,company,E02007058,MGU,10,2,20.0,,
431,comp_10978,company,E02007058,MGU,10,2,20.0,,
435,comp_10982,company,E02007058,MGU,5,2,40.0,,
451,comp_10998,company,E02007058,MGU,5,2,40.0,,
454,comp_11001,company,E02007058,MGU,5,2,40.0,,
455,comp_11002,company,E02007058,MGU,5,2,40.0,,
457,comp_11004,company,E02007058,MGU,5,2,40.0,,
458,comp_11005,company,E02007058,MGU,4,2,50.0,,
567,comp_11114,company,E02007058,MGU,2,2,100.0,,
671,comp_11218,company,E02007058,MGU,2,2,100.0,,
814,comp_14017,company,E02004314,MGU,4,2,50.0,,
817,comp_14020,company,E02004314,MGU,4,2,50.0,,
824,comp_14027,company,E02004314,MGU,4,2,50.0,,
836,comp_14039,company,E02004314,MGU,4,2,50.0,,
846,comp_14049,company,E02004314,MGU,4,2,50.0,,
890,comp_14093,company,E02004314,MGU,4,2,50.0,,
893,comp_14096,company,E02004314,MGU,4,2,50.0,,
894,comp_14097,company,E02004314,MGU,4,2,50.0,,
899,comp_14102,company,E02004314,MGU,4,2,50.0,,
909,comp_14112,company,E02004314,MGU,4,2,50.0,,
914,comp_14117,company,E02004314,MGU,4,2,50.0,,
915,comp_14118,company,E02004314,MGU,4,2,50.0,,
916,comp_14119,company,E02004314,MGU,4,2,50.0,,
918,comp_14121,company,E02004314,MGU,4,2,50.0,,
923,comp_14126,company,E02004314,MGU,4,2,50.0,,
933,comp_14136,company,E02004314,MGU,4,2,50.0,,
936,comp_14139,company,E02004314,MGU,3,2,66.7,,
950,comp_14153,company,E02004315,MGU,2,2,100.0,,
958,comp_14161,company,E02004315,MGU,2,2,100.0,,
1033,comp_14236,company,E02004315,MGU,4,2,50.0,,
1034,comp_14237,company,E02004315,MGU,4,2,50.0,,
1036,comp_14239,company,E02004315,MGU,4,2,50.0,,
1037,comp_14240,company,E02004315,MGU,4,2,50.0,,
1038,comp_14241,company,E02004315,MGU,4,2,50.0,,
1042,comp_14245,company,E02004315,MGU,4,2,50.0,,
1049,comp_14252,company,E02004315,MGU,4,2,50.0,,
1050,comp_14253,company,E02004315,MGU,4,2,50.0,,
1055,comp_14258,company,E02004315,MGU,4,2,50.0,,
1057,comp_14260,company,E02004315,MGU,4,2,50.0,,
1060,comp_14263,company,E02004315,MGU,4,2,50.0,,
1074,comp_14277,company,E02004315,MGU,4,2,50.0,,
1078,comp_14281,company,E02004315,MGU,4,2,50.0,,
1092,comp_14295,company,E02004315,MGU,4,2,50.0,,
1094,comp_14297,company,E02004315,MGU,4,2,50.0,,
1097,comp_14300,company,E02004315,MGU,4,2,50.0,,
1101,comp_14304,company,E02004315,MGU,4,2,50.0,,
1102,comp_14305,company,E02004315,MGU,4,2,50.0,,
1106,comp_14309,company,E02004315,MGU,4,2,50.0,,
1113,comp_14316,company,E02004315,MGU,4,2,50.0,,
1116,comp_14319,company,E02004315,MGU,4,2,50.0,,
1121,comp_14324,company,E02004315,MGU,4,2,50.0,,
1122,comp_14325,company,E02004315,MGU,4,2,50.0,,
1123,comp_14326,company,E02004315,MGU,4,2,50.0,,
1125,comp_14328,company,E02004315,MGU,4,2,50.0,,
1126,comp_14329,company,E02004315,MGU,4,2,50.0,,
1127,comp_14330,company,E02004315,MGU,4,2,50.0,,
1129,comp_14332,company,E02004315,MGU,4,2,50.0,,
1130,comp_14333,company,E02004315,MGU,4,2,50.0,,
1134,comp_14337,company,E02004315,MGU,4,2,50.0,,
1137,comp_14340,company,E02004315,MGU,4,2,50.0,,
1142,comp_14345,company,E02004315,MGU,4,2,50.0,,
1147,comp_14350,company,E02004315,MGU,4,2,50.0,,
1150,comp_14353,company,E02004315,MGU,4,2,50.0,,
1151,comp_14354,company,E02004315,MGU,4,2,50.0,,
1153,comp_14356,company,E02004315,MGU,4,2,50.0,,
1158,comp_14361,company,E02004315,MGU,4,2,50.0,,
1234,comp_14437,company,E02004315,MGU,55,2,3.6,,
1235,comp_14438,company,E02004315,MGU,54,2,3.7,,
1237,comp_14440,company,E02004315,MGU,10,2,20.0,,
1241,comp_14444,company,E02004315,MGU,5,2,40.0,,
1250,comp_14453,company,E02004315,MGU,4,2,50.0,,
1251,comp_14454,company,E02004315,MGU,4,2,50.0,,
1253,comp_14456,company,E02004315,MGU,95,2,2.1,,
1255,comp_14458,company,E02004315,MGU,10,2,20.0,,
1257,comp_14460,company,E02004315,MGU,5,2,40.0,,
1258,comp_14461,company,E02004315,MGU,5,2,40.0,,
1263,comp_14466,company,E02004315,MGU,4,2,50.0,,
1264,comp_14467,company,E02004315,MGU,2,2,100.0,,
24,comp_10571,company,E02007058,MGU,1,1,100.0,,
28,comp_10575,company,E02007058,MGU,4,1,25.0,,
31,comp_10578,company,E02007058,MGU,1,1,100.0,,
65,comp_10612,company,E02007058,MGU,1,1,100.0,,
228,comp_10775,company,E02007058,MGU,4,1,25.0,,
232,comp_10779,company,E02007058,MGU,4,1,25.0,,
233,comp_10780,company,E02007058,MGU,4,1,25.0,,
234,comp_10781,company,E02007058,MGU,4,1,25.0,,
240,comp_10787,company,E02007058,MGU,4,1,25.0,,
260,comp_10807,company,E02007058,MGU,4,1,25.0,,
266,comp_10813,company,E02007058,MGU,4,1,25.0,,
278,comp_10825,company,E02007058,MGU,4,1,25.0,,
296,comp_10843,company,E02007058,MGU,4,1,25.0,,
300,comp_10847,company,E02007058,MGU,4,1,25.0,,
424,comp_10971,company,E02007058,MGU,1,1,100.0,,
425,comp_10972,company,E02007058,MGU,209,1,0.5,,
428,comp_10975,company,E02007058,MGU,10,1,10.0,,
430,comp_10977,company,E02007058,MGU,10,1,10.0,,
433,comp_10980,company,E02007058,MGU,10,1,10.0,,
434,comp_10981,company,E02007058,MGU,5,1,20.0,,
439,comp_10986,company,E02007058,MGU,4,1,25.0,,
441,comp_10988,company,E02007058,MGU,4,1,25.0,,
442,comp_10989,company,E02007058,MGU,4,1,25.0,,
445,comp_10992,company,E02007058,MGU,1,1,100.0,,
459,comp_11006,company,E02007058,MGU,4,1,25.0,,
460,comp_11007,company,E02007058,MGU,4,1,25.0,,
461,comp_11008,company,E02007058,MGU,1,1,100.0,,
472,comp_11019,company,E02007058,MGU,1,1,100.0,,
558,comp_11105,company,E02007058,MGU,1,1,100.0,,
693,comp_13896,company,E02004314,MGU,1,1,100.0,,
715,comp_13918,company,E02004314,MGU,1,1,100.0,,
820,comp_14023,company,E02004314,MGU,4,1,25.0,,
822,comp_14025,company,E02004314,MGU,4,1,25.0,,
830,comp_14033,company,E02004314,MGU,4,1,25.0,,
837,comp_14040,company,E02004314,MGU,4,1,25.0,,
842,comp_14045,company,E02004314,MGU,4,1,25.0,,
843,comp_14046,company,E02004314,MGU,4,1,25.0,,
844,comp_14047,company,E02004314,MGU,4,1,25.0,,
847,comp_14050,company,E02004314,MGU,4,1,25.0,,
878,comp_14081,company,E02004314,MGU,4,1,25.0,,
880,comp_14083,company,E02004314,MGU,4,1,25.0,,
888,comp_14091,company,E02004314,MGU,4,1,25.0,,
895,comp_14098,company,E02004314,MGU,4,1,25.0,,
897,comp_14100,company,E02004314,MGU,4,1,25.0,,
905,comp_14108,company,E02004314,MGU,4,1,25.0,,
907,comp_14110,company,E02004314,MGU,4,1,25.0,,
908,comp_14111,company,E02004314,MGU,4,1,25.0,,
910,comp_14113,company,E02004314,MGU,4,1,25.0,,
911,comp_14114,company,E02004314,MGU,4,1,25.0,,
917,comp_14120,company,E02004314,MGU,4,1,25.0,,
921,comp_14124,company,E02004314,MGU,4,1,25.0,,
924,comp_14127,company,E02004314,MGU,4,1,25.0,,
925,comp_14128,company,E02004314,MGU,4,1,25.0,,
926,comp_14129,company,E02004314,MGU,4,1,25.0,,
932,comp_14135,company,E02004314,MGU,4,1,25.0,,
934,comp_14137,company,E02004314,MGU,4,1,25.0,,
1032,comp_14235,company,E02004315,MGU,4,1,25.0,,
1041,comp_14244,company,E02004315,MGU,4,1,25.0,,
1048,comp_14251,company,E02004315,MGU,4,1,25.0,,
1058,comp_14261,company,E02004315,MGU,4,1,25.0,,
1061,comp_14264,company,E02004315,MGU,4,1,25.0,,
1063,comp_14266,company,E02004315,MGU,4,1,25.0,,
1064,comp_14267,company,E02004315,MGU,4,1,25.0,,
1065,comp_14268,company,E02004315,MGU,4,1,25.0,,
1067,comp_14270,company,E02004315,MGU,4,1,25.0,,
1070,comp_14273,company,E02004315,MGU,4,1,25.0,,
1072,comp_14275,company,E02004315,MGU,4,1,25.0,,
1076,comp_14279,company,E02004315,MGU,4,1,25.0,,
1081,comp_14284,company,E02004315,MGU,4,1,25.0,,
1082,comp_14285,company,E02004315,MGU,4,1,25.0,,
1083,comp_14286,company,E02004315,MGU,4,1,25.0,,
1085,comp_14288,company,E02004315,MGU,4,1,25.0,,
1089,comp_14292,company,E02004315,MGU,4,1,25.0,,
1093,comp_14296,company,E02004315,MGU,4,1,25.0,,
1096,comp_14299,company,E02004315,MGU,4,1,25.0,,
1098,comp_14301,company,E02004315,MGU,4,1,25.0,,
1099,comp_14302,company,E02004315,MGU,4,1,25.0,,
1100,comp_14303,company,E02004315,MGU,4,1,25.0,,
1108,comp_14311,company,E02004315,MGU,4,1,25.0,,
1111,comp_14314,company,E02004315,MGU,4,1,25.0,,
1112,comp_14315,company,E02004315,MGU,4,1,25.0,,
1117,comp_14320,company,E02004315,MGU,4,1,25.0,,
1118,comp_14321,company,E02004315,MGU,4,1,25.0,,
1119,comp_14322,company,E02004315,MGU,4,1,25.0,,
1131,comp_14334,company,E02004315,MGU,4,1,25.0,,
1133,comp_14336,company,E02004315,MGU,4,1,25.0,,
1135,comp_14338,company,E02004315,MGU,4,1,25.0,,
1143,comp_14346,company,E02004315,MGU,4,1,25.0,,
1146,comp_14349,company,E02004315,MGU,4,1,25.0,,
1154,comp_14357,company,E02004315,MGU,4,1,25.0,,
1156,comp_14359,company,E02004315,MGU,4,1,25.0,,
1159,comp_14362,company,E02004315,MGU,4,1,25.0,,
1221,comp_14424,company,E02004315,MGU,4,1,25.0,,
1222,comp_14425,company,E02004315,MGU,1,1,100.0,,
1232,comp_14435,company,E02004315,MGU,1,1,100.0,,
1239,comp_14442,company,E02004315,MGU,5,1,20.0,,
1244,comp_14447,company,E02004315,MGU,4,1,25.0,,
1245,comp_14448,company,E02004315,MGU,4,1,25.0,,
1246,comp_14449,company,E02004315,MGU,4,1,25.0,,
1249,comp_14452,company,E02004315,MGU,4,1,25.0,,
1261,comp_14464,company,E02004315,MGU,4,1,25.0,,
1272,comp_14475,company,E02004315,MGU,1,1,100.0,,
1307,comp_14510,company,E02004315,MGU,1,1,100.0,,
29,comp_10576,company,E02007058,MGU,4,0,0.0,,
282,comp_10829,company,E02007058,MGU,4,0,0.0,,
290,comp_10837,company,E02007058,MGU,4,0,0.0,,
292,comp_10839,company,E02007058,MGU,4,0,0.0,,
299,comp_10846,company,E02007058,MGU,4,0,0.0,,
427,comp_10974,company,E02007058,MGU,10,0,0.0,,
436,comp_10983,company,E02007058,MGU,5,0,0.0,,
437,comp_10984,company,E02007058,MGU,4,0,0.0,,
438,comp_10985,company,E02007058,MGU,4,0,0.0,,
443,comp_10990,company,E02007058,MGU,4,0,0.0,,
444,comp_10991,company,E02007058,MGU,4,0,0.0,,
450,comp_10997,company,E02007058,MGU,5,0,0.0,,
848,comp_14051,company,E02004314,MGU,4,0,0.0,,
849,comp_14052,company,E02004314,MGU,3,0,0.0,,
887,comp_14090,company,E02004314,MGU,4,0,0.0,,
903,comp_14106,company,E02004314,MGU,4,0,0.0,,
935,comp_14138,company,E02004314,MGU,4,0,0.0,,
1040,comp_14243,company,E02004315,MGU,4,0,0.0,,
1043,comp_14246,company,E02004315,MGU,4,0,0.0,,
1066,comp_14269,company,E02004315,MGU,4,0,0.0,,
1069,comp_14272,company,E02004315,MGU,4,0,0.0,,
1071,comp_14274,company,E02004315,MGU,4,0,0.0,,
1073,comp_14276,company,E02004315,MGU,4,0,0.0,,
1091,comp_14294,company,E02004315,MGU,4,0,0.0,,
1103,comp_14306,company,E02004315,MGU,4,0,0.0,,
1120,comp_14323,company,E02004315,MGU,4,0,0.0,,
1124,comp_14327,company,E02004315,MGU,4,0,0.0,,
1128,comp_14331,company,E02004315,MGU,4,0,0.0,,
1136,comp_14339,company,E02004315,MGU,4,0,0.0,,
1140,comp_14343,company,E02004315,MGU,4,0,0.0,,
1141,comp_14344,company,E02004315,MGU,4,0,0.0,,
1155,comp_14358,company,E02004315,MGU,4,0,0.0,,
1157,comp_14360,company,E02004315,MGU,4,0,0.0,,
1219,comp_14422,company,E02004315,MGU,4,0,0.0,,
1220,comp_14423,company,E02004315,MGU,4,0,0.0,,
1233,comp_14436,company,E02004315,MGU,55,0,0.0,,
1238,comp_14441,company,E02004315,MGU,10,0,0.0,,
1240,comp_14443,company,E02004315,MGU,5,0,0.0,,
1243,comp_14446,company,E02004315,MGU,4,0,0.0,,
1247,comp_14450,company,E02004315,MGU,4,0,0.0,,
1252,comp_14455,company,E02004315,MGU,3,0,0.0,,
0,County Durham and Darlington NHS Foundation Trust,hospital,E00062310,SGU,0,0,0.0,54.530385,-1.563742
0,Durham Sixth Form Centre,school,E00171834,SGU,2000,1164,58.2,54.78017650128895,-1.573130478
2,Durham Cathedral Schools Foundation,school,E00105055,SGU,847,802,94.7,54.77149201049964,-1.582470616
15,"St Leonard's Catholic School, Durham",school,E00105059,SGU,1265,557,44.0,54.78352178447635,-1.586778179
16,Durham Johnston Comprehensive School,school,E00105106,SGU,1700,520,30.6,54.77948322804647,-1.596396398
3,Durham High School,school,E00105080,SGU,730,447,61.2,54.75633876056084,-1.587179204
8,Corporation Road Community Primary School,school,E00062311,SGU,352,318,90.3,54.53202794513288,-1.556343943
11,St Margaret's Church of England Primary School,school,E00105055,SGU,420,315,75.0,54.77206489542429,-1.587065853
13,Neville's Cross Primary School and Nursery,school,E00105108,SGU,297,297,100.0,54.77188022734087,-1.596285495
10,Reid Street Primary School,school,E00062375,SGU,420,269,64.0,54.532947638042096,-1.564601538
1,Durham Trinity School & Sports College,school,E00183277,SGU,252,252,100.0,54.790092228033785,-1.584518493
14,Langley Moor Primary School,school,E00104961,SGU,210,210,100.0,54.76004675769962,-1.610606518
12,St Oswald's Church of England Aided Primary and Nursery School,school,E00105075,SGU,140,140,100.0,54.770997173273194,-1.571983535
9,Browney Primary Academy,school,E00183281,SGU,126,126,100.0,54.74680321848331,-1.617102714
4,George Dent Nursery School,school,E00062310,SGU,105,105,100.0,54.52891518337172,-1.562852006
7,"St Patrick's Catholic Primary School, Langley Moor",school,E00104962,SGU,105,105,100.0,54.75514078,-1.613636839
5,Borough Road Nursery School,school,E00062070,SGU,97,97,100.0,54.525615620287496,-1.547807426
6,Langley Moor Nursery School,school,E00104961,SGU,60,60,100.0,54.75971650554663,-1.611308968
6,Dorm918,student_dorms,E00105080,SGU,2966,2953,99.6,,
20,Dorm1902,student_dorms,E00183308,SGU,674,668,99.1,,
22,Dorm1905,student_dorms,E00183314,SGU,611,608,99.5,,
14,Dorm1354,student_dorms,E00171834,SGU,385,382,99.2,,
13,Dorm1353,student_dorms,E00171828,SGU,356,352,98.9,,
23,Dorm1906,student_dorms,E00183315,SGU,357,350,98.0,,
12,Dorm1352,student_dorms,E00171799,SGU,306,306,100.0,,
18,Dorm1899,student_dorms,E00183289,SGU,206,206,100.0,,
19,Dorm1900,student_dorms,E00183295,SGU,147,147,100.0,,
21,Dorm1904,student_dorms,E00183314,SGU,137,137,100.0,,
16,Dorm1897,student_dorms,E00183273,SGU,131,126,96.2,,
10,Dorm923,student_dorms,E00105184,SGU,100,94,94.0,,
9,Dorm922,student_dorms,E00105183,SGU,105,85,81.0,,
1,Dorm913,student_dorms,E00105051,SGU,78,78,100.0,,
2,Dorm914,student_dorms,E00105054,SGU,78,69,88.5,,
4,Dorm916,student_dorms,E00105055,SGU,67,67,100.0,,
7,Dorm919,student_dorms,E00105109,SGU,67,67,100.0,,
5,Dorm917,student_dorms,E00105080,SGU,28,28,100.0,,
11,Dorm1351,student_dorms,E00171799,SGU,26,26,100.0,,
3,Dorm915,student_dorms,E00105055,SGU,15,15,100.0,,
17,Dorm1898,student_dorms,E00183277,SGU,17,13,76.5,,
8,Dorm921,student_dorms,E00105183,SGU,12,12,100.0,,
0,Dorm912,student_dorms,E00105048,SGU,8,8,100.0,,
15,Dorm1355,student_dorms,E00171869,SGU,8,8,100.0,,
0,Durham University,university,E00105080,SGU,19025,12606,66.3,54.768149,-1.571868
